Workbook
Name NativeTimeline_Fecha: #N/A
Name Slicer_Nivel_Riesgo1: #N/A
Name Slicer_Punto_Muestreo1: #N/A

Sheet Datos_Agua
A1: Fecha | B1: Punto_Muestreo | C1: pH | D1: Turbidez_NTU | E1: Dureza_mgL_CaCO3 | F1: Cloruros_mgL | G1: Conductividad_uScm | H1: Cumple_Norma
A2: 2025-01-01 | B2: PTAR Sur | C2: 8.39 | D2: 4.91 | E2: 126.5 | F2: 276.5 | G2: 245.4 | H2: NO
A3: 2025-01-02 | B3: Pozo 2 | C3: 8.01 | D3: 2.1 | E3: 163 | F3: 26.3 | G3: 1037.3 | H3: SI
A4: 2025-01-03 | B4: PTAR Sur | C4: 8.4 | D4: 5.76 | E4: 120.8 | F4: 116 | G4: 968.2 | H4: NO
A5: 2025-01-04 | B5: Rio B | C5: 7.26 | D5: 11.08 | E5: 223.5 | F5: 177.4 | G5: 895.7 | H5: NO
A6: 2025-01-05 | B6: PTAR Norte | C6: 8.76 | D6: 4.49 | E6: 162.2 | F6: 159 | G6: 326.8 | H6: NO
A7: 2025-01-06 | B7: PTAR Norte | C7: 6.01 | D7: 8.68 | E7: 169.1 | F7: 196.5 | G7: 752.3 | H7: NO
A8: 2025-01-07 | B8: PTAR Norte | C8: 8.06 | D8: 5.52 | E8: 109 | F8: 231.4 | G8: 537.6 | H8: NO
A9: 2025-01-08 | B9: Rio A | C9: 8.47 | D9: 2.67 | E9: 85.6 | F9: 15.8 | G9: 516.2 | H9: SI
A10: 2025-01-09 | B10: Rio A | C10: 6.9 | D10: 8.41 | E10: 161.1 | F10: 123.7 | G10: 1025 | H10: NO
A11: 2025-01-10 | B11: Pozo 2 | C11: 8.45 | D11: 2.64 | E11: 240.4 | F11: 235.9 | G11: 189.4 | H11: SI
A12: 2025-01-11 | B12: Rio B | C12: 7.32 | D12: 7.93 | E12: 219.2 | F12: 185.5 | G12: 377.5 | H12: NO
A13: 2025-01-12 | B13: PTAR Norte | C13: 8.37 | D13: 0.74 | E13: 213.5 | F13: 209.3 | G13: 1108.9 | H13: SI
... A121: 2025-04-30 | B121: PTAR Norte | C121: 8.67 | D121: 2.23 | E121: 230.3 | F121: 266.8 | G121: 218 | H121: NO

Sheet LIMPIEZA DE DATOS
A1: Fecha | B1: Punto_Muestreo | C1: pH | D1: Turbidez_NTU | E1: Dureza_mgL_CaCO3 | F1: Cloruros_mgL | G1: Conductividad_uScm | H1: Cumple_Norma | I1: Validacion_pH | J1: pH_Min | K1: pH_Max | L1: Cumple_pH | M1: Cumple_Turbidez | N1: Cumple_Cloruros | O1: Estado_Agua | P1: Nivel_Riesgo
A2: 45658 | B2: PTAR Sur | C2: 8.39 | D2: 4.91 | E2: 126.5 | F2: 276.5 | G2: 245.4 | H2: NO | I2: OK | J2: =VLOOKUP("pH",parametros!A:C,2,FALSE) -> 6.5 | K2: =VLOOKUP("pH",parametros!A:C,3,FALSE) -> 8.5 | L2: {=IF(AND(Table1__2[[#This Row],[pH]]>=Table1__2[pH_Min],Table1__2[[#This Row],[pH]]<=Table1__2[pH_Max]),"OK","Out")} -> OK | M2: =IF(D2<=VLOOKUP("Turbidez_NTU",parametros!A:C,3,FALSE),"OK","Out") -> OK | N2: =IF(F1<=VLOOKUP("Cloruros_mgL",parametros!A:C,3,FALSE),"OK","Out") -> Out | O2: =IF(AND(L3="OK",M3="OK",N3="OK"),"COMPLIES","NON-COMPLIANT") -> NON-COMPLIANT | P2: =IF(H2="COMPLIES","Safe",IF(D2>10,"Critical","Medium Risk")) -> Medium Risk
A3: 45659 | B3: Pozo 2 | C3: 8.01 | D3: 2.1 | E3: 163 | F3: 26.3 | G3: 1037.3 | H3: SI | I3: OK | J3: =VLOOKUP("pH",parametros!A:C,2,FALSE) -> 6.5 | K3: =VLOOKUP("pH",parametros!A:C,3,FALSE) -> 8.5 | L3: {=IF(AND(Table1__2[[#This Row],[pH]]>=Table1__2[pH_Min],Table1__2[[#This Row],[pH]]<=Table1__2[pH_Max]),"OK","Out")} -> OK | M3: =IF(D3<=VLOOKUP("Turbidez_NTU",parametros!A:C,3,FALSE),"OK","Out") -> OK | N3: =IF(F2<=VLOOKUP("Cloruros_mgL",parametros!A:C,3,FALSE),"OK","Out") -> Out | O3: =IF(AND(L4="OK",M4="OK",N4="OK"),"COMPLIES","NON-COMPLIANT") -> NON-COMPLIANT | P3: =IF(H3="COMPLIES","Safe",IF(D3>10,"Critical","Medium Risk")) -> Medium Risk
A4: 45660 | B4: PTAR Sur | C4: 8.4 | D4: 5.76 | E4: 120.8 | F4: 116 | G4: 968.2 | H4: NO | I4: OK | J4: =VLOOKUP("pH",parametros!A:C,2,FALSE) -> 6.5 | K4: =VLOOKUP("pH",parametros!A:C,3,FALSE) -> 8.5 | L4: {=IF(AND(Table1__2[[#This Row],[pH]]>=Table1__2[pH_Min],Table1__2[[#This Row],[pH]]<=Table1__2[pH_Max]),"OK","Out")} -> OK | M4: =IF(D4<=VLOOKUP("Turbidez_NTU",parametros!A:C,3,FALSE),"OK","Out") -> Out | N4: =IF(F3<=VLOOKUP("Cloruros_mgL",parametros!A:C,3,FALSE),"OK","Out") -> OK | O4: =IF(AND(L4="OK",M4="OK",N4="OK"),"COMPLIES","NON-COMPLIANT") -> NON-COMPLIANT | P4: =IF(H4="COMPLIES","Safe",IF(D4>10,"Critical","Medium Risk")) -> Medium Risk
A5: 45661 | B5: Rio B | C5: 7.26 | D5: 11.08 | E5: 223.5 | F5: 177.4 | G5: 895.7 | H5: NO | I5: OK | J5: =VLOOKUP("pH",parametros!A:C,2,FALSE) -> 6.5 | K5: =VLOOKUP("pH",parametros!A:C,3,FALSE) -> 8.5 | L5: {=IF(AND(Table1__2[[#This Row],[pH]]>=Table1__2[pH_Min],Table1__2[[#This Row],[pH]]<=Table1__2[pH_Max]),"OK","Out")} -> OK | M5: =IF(D5<=VLOOKUP("Turbidez_NTU",parametros!A:C,3,FALSE),"OK","Out") -> Out | N5: =IF(F4<=VLOOKUP("Cloruros_mgL",parametros!A:C,3,FALSE),"OK","Out") -> OK | O5: =IF(AND(L5="OK",M5="OK",N5="OK"),"COMPLIES","NON-COMPLIANT") -> NON-COMPLIANT | P5: =IF(H5="COMPLIES","Safe",IF(D5>10,"Critical","Medium Risk")) -> Critical
A6: 45662 | B6: PTAR Norte | C6: 8.76 | D6: 4.49 | E6: 162.2 | F6: 159 | G6: 326.8 | H6: NO | I6: OK | J6: =VLOOKUP("pH",parametros!A:C,2,FALSE) -> 6.5 | K6: =VLOOKUP("pH",parametros!A:C,3,FALSE) -> 8.5 | L6: {=IF(AND(Table1__2[[#This Row],[pH]]>=Table1__2[pH_Min],Table1__2[[#This Row],[pH]]<=Table1__2[pH_Max]),"OK","Out")} -> Out | M6: =IF(D6<=VLOOKUP("Turbidez_NTU",parametros!A:C,3,FALSE),"OK","Out") -> OK | N6: =IF(F5<=VLOOKUP("Cloruros_mgL",parametros!A:C,3,FALSE),"OK","Out") -> OK | O6: =IF(AND(L6="OK",M6="OK",N6="OK"),"COMPLIES","NON-COMPLIANT") -> NON-COMPLIANT | P6: =IF(H6="COMPLIES","Safe",IF(D6>10,"Critical","Medium Risk")) -> Medium Risk
A7: 45663 | B7: PTAR Norte | C7: 6.01 | D7: 8.68 | E7: 169.1 | F7: 196.5 | G7: 752.3 | H7: NO | I7: OK | J7: =VLOOKUP("pH",parametros!A:C,2,FALSE) -> 6.5 | K7: =VLOOKUP("pH",parametros!A:C,3,FALSE) -> 8.5 | L7: {=IF(AND(Table1__2[[#This Row],[pH]]>=Table1__2[pH_Min],Table1__2[[#This Row],[pH]]<=Table1__2[pH_Max]),"OK","Out")} -> Out | M7: =IF(D7<=VLOOKUP("Turbidez_NTU",parametros!A:C,3,FALSE),"OK","Out") -> Out | N7: =IF(F6<=VLOOKUP("Cloruros_mgL",parametros!A:C,3,FALSE),"OK","Out") -> OK | O7: =IF(AND(L7="OK",M7="OK",N7="OK"),"COMPLIES","NON-COMPLIANT") -> NON-COMPLIANT | P7: =IF(H7="COMPLIES","Safe",IF(D7>10,"Critical","Medium Risk")) -> Medium Risk
A8: 45664 | B8: PTAR Norte | C8: 8.06 | D8: 5.52 | E8: 109 | F8: 231.4 | G8: 537.6 | H8: NO | I8: OK | J8: =VLOOKUP("pH",parametros!A:C,2,FALSE) -> 6.5 | K8: =VLOOKUP("pH",parametros!A:C,3,FALSE) -> 8.5 | L8: {=IF(AND(Table1__2[[#This Row],[pH]]>=Table1__2[pH_Min],Table1__2[[#This Row],[pH]]<=Table1__2[pH_Max]),"OK","Out")} -> OK | M8: =IF(D8<=VLOOKUP("Turbidez_NTU",parametros!A:C,3,FALSE),"OK","Out") -> Out | N8: =IF(F7<=VLOOKUP("Cloruros_mgL",parametros!A:C,3,FALSE),"OK","Out") -> OK | O8: =IF(AND(L8="OK",M8="OK",N8="OK"),"COMPLIES","NON-COMPLIANT") -> NON-COMPLIANT | P8: =IF(H8="COMPLIES","Safe",IF(D8>10,"Critical","Medium Risk")) -> Medium Risk
A9: 45665 | B9: Rio A | C9: 8.47 | D9: 2.67 | E9: 85.6 | F9: 15.8 | G9: 516.2 | H9: SI | I9: OK | J9: =VLOOKUP("pH",parametros!A:C,2,FALSE) -> 6.5 | K9: =VLOOKUP("pH",parametros!A:C,3,FALSE) -> 8.5 | L9: {=IF(AND(Table1__2[[#This Row],[pH]]>=Table1__2[pH_Min],Table1__2[[#This Row],[pH]]<=Table1__2[pH_Max]),"OK","Out")} -> OK | M9: =IF(D9<=VLOOKUP("Turbidez_NTU",parametros!A:C,3,FALSE),"OK","Out") -> OK | N9: =IF(F8<=VLOOKUP("Cloruros_mgL",parametros!A:C,3,FALSE),"OK","Out") -> OK | O9: =IF(AND(L9="OK",M9="OK",N9="OK"),"COMPLIES","NON-COMPLIANT") -> COMPLIES | P9: =IF(H9="COMPLIES","Safe",IF(D9>10,"Critical","Medium Risk")) -> Medium Risk
A10: 45666 | B10: Rio A | C10: 6.9 | D10: 8.41 | E10: 161.1 | F10: 123.7 | G10: 1025 | H10: NO | I10: OK | J10: =VLOOKUP("pH",parametros!A:C,2,FALSE) -> 6.5 | K10: =VLOOKUP("pH",parametros!A:C,3,FALSE) -> 8.5 | L10: {=IF(AND(Table1__2[[#This Row],[pH]]>=Table1__2[pH_Min],Table1__2[[#This Row],[pH]]<=Table1__2[pH_Max]),"OK","Out")} -> OK | M10: =IF(D10<=VLOOKUP("Turbidez_NTU",parametros!A:C,3,FALSE),"OK","Out") -> Out | N10: =IF(F9<=VLOOKUP("Cloruros_mgL",parametros!A:C,3,FALSE),"OK","Out") -> OK | O10: =IF(AND(L10="OK",M10="OK",N10="OK"),"COMPLIES","NON-COMPLIANT") -> NON-COMPLIANT | P10: =IF(H10="COMPLIES","Safe",IF(D10>10,"Critical","Medium Risk")) -> Medium Risk
A11: 45667 | B11: Pozo 2 | C11: 8.45 | D11: 2.64 | E11: 240.4 | F11: 235.9 | G11: 189.4 | H11: SI | I11: OK | J11: =VLOOKUP("pH",parametros!A:C,2,FALSE) -> 6.5 | K11: =VLOOKUP("pH",parametros!A:C,3,FALSE) -> 8.5 | L11: {=IF(AND(Table1__2[[#This Row],[pH]]>=Table1__2[pH_Min],Table1__2[[#This Row],[pH]]<=Table1__2[pH_Max]),"OK","Out")} -> OK | M11: =IF(D11<=VLOOKUP("Turbidez_NTU",parametros!A:C,3,FALSE),"OK","Out") -> OK | N11: =IF(F10<=VLOOKUP("Cloruros_mgL",parametros!A:C,3,FALSE),"OK","Out") -> OK | O11: =IF(AND(L11="OK",M11="OK",N11="OK"),"COMPLIES","NON-COMPLIANT") -> COMPLIES | P11: =IF(H11="COMPLIES","Safe",IF(D11>10,"Critical","Medium Risk")) -> Medium Risk
A12: 45668 | B12: Rio B | C12: 7.32 | D12: 7.93 | E12: 219.2 | F12: 185.5 | G12: 377.5 | H12: NO | I12: OK | J12: =VLOOKUP("pH",parametros!A:C,2,FALSE) -> 6.5 | K12: =VLOOKUP("pH",parametros!A:C,3,FALSE) -> 8.5 | L12: {=IF(AND(Table1__2[[#This Row],[pH]]>=Table1__2[pH_Min],Table1__2[[#This Row],[pH]]<=Table1__2[pH_Max]),"OK","Out")} -> OK | M12: =IF(D12<=VLOOKUP("Turbidez_NTU",parametros!A:C,3,FALSE),"OK","Out") -> Out | N12: =IF(F11<=VLOOKUP("Cloruros_mgL",parametros!A:C,3,FALSE),"OK","Out") -> OK | O12: =IF(AND(L12="OK",M12="OK",N12="OK"),"COMPLIES","NON-COMPLIANT") -> NON-COMPLIANT | P12: =IF(H12="COMPLIES","Safe",IF(D12>10,"Critical","Medium Risk")) -> Medium Risk
A13: 45669 | B13: PTAR Norte | C13: 8.37 | D13: 0.74 | E13: 213.5 | F13: 209.3 | G13: 1108.9 | H13: SI | I13: OK | J13: =VLOOKUP("pH",parametros!A:C,2,FALSE) -> 6.5 | K13: =VLOOKUP("pH",parametros!A:C,3,FALSE) -> 8.5 | L13: {=IF(AND(Table1__2[[#This Row],[pH]]>=Table1__2[pH_Min],Table1__2[[#This Row],[pH]]<=Table1__2[pH_Max]),"OK","Out")} -> OK | M13: =IF(D13<=VLOOKUP("Turbidez_NTU",parametros!A:C,3,FALSE),"OK","Out") -> OK | N13: =IF(F12<=VLOOKUP("Cloruros_mgL",parametros!A:C,3,FALSE),"OK","Out") -> OK | O13: =IF(AND(L13="OK",M13="OK",N13="OK"),"COMPLIES","NON-COMPLIANT") -> COMPLIES | P13: =IF(H13="COMPLIES","Safe",IF(D13>10,"Critical","Medium Risk")) -> Medium Risk
A14: 45670 | B14: Pozo 1 | C14: 6.2 | D14: 3.23 | E14: 277.4 | F14: 32.9 | G14: 884 | H14: NO | I14: OK | J14: =VLOOKUP("pH",parametros!A:C,2,FALSE) -> 6.5 | K14: =VLOOKUP("pH",parametros!A:C,3,FALSE) -> 8.5 | L14: {=IF(AND(Table1__2[[#This Row],[pH]]>=Table1__2[pH_Min],Table1__2[[#This Row],[pH]]<=Table1__2[pH_Max]),"OK","Out")} -> Out | M14: =IF(D14<=VLOOKUP("Turbidez_NTU",parametros!A:C,3,FALSE),"OK","Out") -> OK | N14: =IF(F13<=VLOOKUP("Cloruros_mgL",parametros!A:C,3,FALSE),"OK","Out") -> OK | O14: =IF(AND(L14="OK",M14="OK",N14="OK"),"COMPLIES","NON-COMPLIANT") -> NON-COMPLIANT | P14: =IF(H14="COMPLIES","Safe",IF(D14>10,"Critical","Medium Risk")) -> Medium Risk
A15: 45671 | B15: Pozo 1 | C15: 7.19 | D15: 8 | E15: 229.2 | F15: 150.1 | G15: 909 | H15: NO | I15: OK | J15: =VLOOKUP("pH",parametros!A:C,2,FALSE) -> 6.5 | K15: =VLOOKUP("pH",parametros!A:C,3,FALSE) -> 8.5 | L15: {=IF(AND(Table1__2[[#This Row],[pH]]>=Table1__2[pH_Min],Table1__2[[#This Row],[pH]]<=Table1__2[pH_Max]),"OK","Out")} -> OK | M15: =IF(D15<=VLOOKUP("Turbidez_NTU",parametros!A:C,3,FALSE),"OK","Out") -> Out | N15: =IF(F14<=VLOOKUP("Cloruros_mgL",parametros!A:C,3,FALSE),"OK","Out") -> OK | O15: =IF(AND(L15="OK",M15="OK",N15="OK"),"COMPLIES","NON-COMPLIANT") -> NON-COMPLIANT | P15: =IF(H15="COMPLIES","Safe",IF(D15>10,"Critical","Medium Risk")) -> Medium Risk
... A121: 45777 | B121: PTAR Norte | C121: 8.67 | D121: 2.23 | E121: 230.3 | F121: 266.8 | G121: 218 | H121: NO | I121: OK | J121: =VLOOKUP("pH",parametros!A:C,2,FALSE) -> 6.5 | K121: =VLOOKUP("pH",parametros!A:C,3,FALSE) -> 8.5 | L121: {=IF(AND(Table1__2[[#This Row],[pH]]>=Table1__2[pH_Min],Table1__2[[#This Row],[pH]]<=Table1__2[pH_Max]),"OK","Out")} -> Out | M121: =IF(D121<=VLOOKUP("Turbidez_NTU",parametros!A:C,3,FALSE),"OK","Out") -> OK | N121: =IF(F120<=VLOOKUP("Cloruros_mgL",parametros!A:C,3,FALSE),"OK","Out") -> OK | O121: =IF(AND(L121="OK",M121="OK",N121="OK"),"COMPLIES","NON-COMPLIANT") -> NON-COMPLIANT | P121: =IF(H121="COMPLIES","Safe",IF(D121>10,"Critical","Medium Risk")) -> Medium Risk
J122: =VLOOKUP("pH",parametros!A:C,2,FALSE) -> 6.5 | K122: =VLOOKUP("pH",parametros!A:C,3,FALSE) -> 8.5 | L122: {=IF(AND(Table1__2[[#This Row],[pH]]>=Table1__2[pH_Min],Table1__2[[#This Row],[pH]]<=Table1__2[pH_Max]),"OK","Out")} -> Out | M122: =IF(D122<=VLOOKUP("Turbidez_NTU",parametros!A:C,3,FALSE),"OK","Out") -> OK | N122: =IF(F121<=VLOOKUP("Cloruros_mgL",parametros!A:C,3,FALSE),"OK","Out") -> Out | O122: =IF(AND(L122="OK",M122="OK",N122="OK"),"COMPLIES","NON-COMPLIANT") -> NON-COMPLIANT | P122: =IF(H122="COMPLIES","Safe",IF(D122>10,"Critical","Medium Risk")) -> Medium Risk

Sheet DASHBOARD
A1: Panel de control de la calidad del agua
A2: PORCENTAJE DE CUMPLIMINETO: | F2: UBICACIÓN DE MAYOR RIESGO: | K2: SELECCIONE EL PERIODO A ANALIZAR:
B6: =COUNTIF('LIMPIEZA DE DATOS'!O2:O121,"COMPLIES")/COUNTA('LIMPIEZA DE DATOS'!O2:O121) -> 0.31666667 | H6: Punto_Muestreo | I6: Count of Rows
H7: Rio A | I7: 5
E10: Nivel_Riesgo | F10: Critical
E12: Row Labels | F12: Count of Estado_Agua
E13: Pozo 1 | F13: 2 | K13: Row Labels | L13: Average of Turbidez | M13: Average of pH
E14: Pozo 2 | F14: 4 | K14: <1/01/2025
E15: PTAR Norte | F15: 2 | K15: 2025 | L15: 5.9751667 | M15: 7.4825
E16: PTAR Sur | F16: 2 | K16: ene | L16: 6.05 | M16: 7.5048387
E17: Rio A | F17: 5 | K17: feb | L17: 6.1725 | M17: 7.4264286
E18: Rio B | F18: 2 | K18: mar | L18: 6.0706452 | M18: 7.4870968
E19: Grand Total | F19: 17 | K19: abr | L19: 5.615 | M19: 7.507
K20: Grand Total | L20: 5.9751667 | M20: 7.4825
E30: Showing trend insights for 'Turbidez_NTU' and 'Fecha'.
E32: Cumple_Cloruros | F32: Out
E34: Fecha | F34: Average of Dureza_mgL_CaCO3
E35: 45658 | F35: 126.5
E36: 45659 | F36: 163
E37: 45679 | F37: 294.4
E38: 45681 | F38: 271.9
E39: 45684 | F39: 192.3
E40: 45685 | F40: 316.1
E41: 45689 | F41: 81.1
E42: 45710 | F42: 235.8
E43: 45758 | F43: 225.4
E44: 45771 | F44: 193.6
E45: (blank)
E46: Grand Total | F46: 210.01

Sheet parametros
A1: Parámetro | B1: Min | C1: Max
A2: pH | B2: 6.5 | C2: 8.5
A3: Turbidez_NTU | B3: 0 | C3: 5
A4: Cloruros_mgL | B4: 0 | C4: 250

Sheet LINEA T
B2: Showing trend insights for 'Turbidez_NTU' and 'Fecha'.
C4: Cumple_Cloruros | D4: Out
C6: Fecha | D6: Average of Dureza_mgL_CaCO3
C7: 45658 | D7: 126.5
C8: 45659 | D8: 163
C9: 45679 | D9: 294.4
C10: 45681 | D10: 271.9
C11: 45684 | D11: 192.3
C12: 45685 | D12: 316.1
C13: 45689 | D13: 81.1
C14: 45710 | D14: 235.8
C15: 45758 | D15: 225.4
C16: 45771 | D16: 193.6
C17: (blank)
C18: Grand Total | D18: 210.01
